amc,metric,coverage_pct
ABSL,aum,100.0
ABSL,cagr_1y,100.0
ABSL,cagr_3y,100.0
ABSL,cagr_5y,88.88888888888889
ABSL,down_beta,100.0
ABSL,iqr_3y,100.0
ABSL,iqr_5y,88.88888888888889
ABSL,ir,100.0
ABSL,manager_experience,100.0
ABSL,max_dd,100.0
ABSL,pb,100.0
ABSL,pe,100.0
ABSL,return_3m,100.0
ABSL,return_6m,100.0
ABSL,roe,100.0
ABSL,rolling_3y,100.0
ABSL,rolling_5y,88.88888888888889
ABSL,sector_hhi,100.0
ABSL,sharpe,100.0
ABSL,sortino,100.0
ABSL,stock_count,100.0
ABSL,ter,100.0
ABSL,top10,100.0
ABSL,top3_sector,100.0
ABSL,turnover,100.0
ABSL,up_beta,100.0
ABSL,volatility,100.0
AXIS,aum,100.0
AXIS,cagr_1y,100.0
AXIS,cagr_3y,100.0
AXIS,cagr_5y,77.77777777777779
AXIS,down_beta,100.0
AXIS,iqr_3y,77.77777777777779
AXIS,iqr_5y,77.77777777777779
AXIS,ir,100.0
AXIS,manager_experience,100.0
AXIS,max_dd,100.0
AXIS,pb,100.0
AXIS,pe,100.0
AXIS,return_3m,100.0
AXIS,return_6m,100.0
AXIS,roe,100.0
AXIS,rolling_3y,77.77777777777779
AXIS,rolling_5y,77.77777777777779
AXIS,sector_hhi,100.0
AXIS,sharpe,100.0
AXIS,sortino,100.0
AXIS,stock_count,100.0
AXIS,ter,100.0
AXIS,top10,100.0
AXIS,top3_sector,100.0
AXIS,turnover,100.0
AXIS,up_beta,100.0
AXIS,volatility,100.0
BAJAJ,aum,100.0
BAJAJ,cagr_1y,100.0
BAJAJ,cagr_3y,0.0
BAJAJ,cagr_5y,0.0
BAJAJ,down_beta,0.0
BAJAJ,iqr_3y,0.0
BAJAJ,iqr_5y,0.0
BAJAJ,ir,0.0
BAJAJ,manager_experience,100.0
BAJAJ,max_dd,100.0
BAJAJ,pb,100.0
BAJAJ,pe,100.0
BAJAJ,return_3m,100.0
BAJAJ,return_6m,100.0
BAJAJ,roe,100.0
BAJAJ,rolling_3y,0.0
BAJAJ,rolling_5y,0.0
BAJAJ,sector_hhi,100.0
BAJAJ,sharpe,0.0
BAJAJ,sortino,0.0
BAJAJ,stock_count,100.0
BAJAJ,ter,100.0
BAJAJ,top10,100.0
BAJAJ,top3_sector,100.0
BAJAJ,turnover,100.0
BAJAJ,up_beta,0.0
BAJAJ,volatility,100.0
BANDHAN,aum,100.0
BANDHAN,cagr_1y,100.0
BANDHAN,cagr_3y,100.0
BANDHAN,cagr_5y,77.77777777777779
BANDHAN,down_beta,88.88888888888889
BANDHAN,iqr_3y,77.77777777777779
BANDHAN,iqr_5y,77.77777777777779
BANDHAN,ir,88.88888888888889
BANDHAN,manager_experience,100.0
BANDHAN,max_dd,100.0
BANDHAN,pb,0.0
BANDHAN,pe,0.0
BANDHAN,return_3m,100.0
BANDHAN,return_6m,100.0
BANDHAN,roe,0.0
BANDHAN,rolling_3y,77.77777777777779
BANDHAN,rolling_5y,77.77777777777779
BANDHAN,sector_hhi,0.0
BANDHAN,sharpe,88.88888888888889
BANDHAN,sortino,88.88888888888889
BANDHAN,stock_count,100.0
BANDHAN,ter,100.0
BANDHAN,top10,100.0
BANDHAN,top3_sector,100.0
BANDHAN,turnover,100.0
BANDHAN,up_beta,88.88888888888889
BANDHAN,volatility,100.0
BARODA,aum,100.0
BARODA,cagr_1y,100.0
BARODA,cagr_3y,77.77777777777779
BARODA,cagr_5y,22.22222222222222
BARODA,down_beta,88.88888888888889
BARODA,iqr_3y,22.22222222222222
BARODA,iqr_5y,22.22222222222222
BARODA,ir,88.88888888888889
BARODA,manager_experience,100.0
BARODA,max_dd,100.0
BARODA,pb,100.0
BARODA,pe,100.0
BARODA,return_3m,100.0
BARODA,return_6m,100.0
BARODA,roe,100.0
BARODA,rolling_3y,22.22222222222222
BARODA,rolling_5y,22.22222222222222
BARODA,sector_hhi,100.0
BARODA,sharpe,88.88888888888889
BARODA,sortino,88.88888888888889
BARODA,stock_count,100.0
BARODA,ter,100.0
BARODA,top10,100.0
BARODA,top3_sector,100.0
BARODA,turnover,100.0
BARODA,up_beta,88.88888888888889
BARODA,volatility,100.0
BOI,aum,100.0
BOI,cagr_1y,85.71428571428571
BOI,cagr_3y,71.42857142857143
BOI,cagr_5y,57.14285714285714
BOI,down_beta,71.42857142857143
BOI,iqr_3y,57.14285714285714
BOI,iqr_5y,57.14285714285714
BOI,ir,71.42857142857143
BOI,manager_experience,100.0
BOI,max_dd,85.71428571428571
BOI,pb,100.0
BOI,pe,100.0
BOI,return_3m,85.71428571428571
BOI,return_6m,85.71428571428571
BOI,roe,100.0
BOI,rolling_3y,57.14285714285714
BOI,rolling_5y,57.14285714285714
BOI,sector_hhi,100.0
BOI,sharpe,71.42857142857143
BOI,sortino,71.42857142857143
BOI,stock_count,100.0
BOI,ter,100.0
BOI,top10,100.0
BOI,top3_sector,100.0
BOI,turnover,100.0
BOI,up_beta,71.42857142857143
BOI,volatility,85.71428571428571
CANARA,aum,100.0
CANARA,cagr_1y,100.0
CANARA,cagr_3y,87.5
CANARA,cagr_5y,62.5
CANARA,down_beta,87.5
CANARA,iqr_3y,75.0
CANARA,iqr_5y,62.5
CANARA,ir,87.5
CANARA,manager_experience,100.0
CANARA,max_dd,100.0
CANARA,pb,100.0
CANARA,pe,100.0
CANARA,return_3m,100.0
CANARA,return_6m,100.0
CANARA,roe,100.0
CANARA,rolling_3y,75.0
CANARA,rolling_5y,62.5
CANARA,sector_hhi,100.0
CANARA,sharpe,87.5
CANARA,sortino,87.5
CANARA,stock_count,100.0
CANARA,ter,100.0
CANARA,top10,100.0
CANARA,top3_sector,100.0
CANARA,turnover,100.0
CANARA,up_beta,87.5
CANARA,volatility,100.0
DSP,aum,100.0
DSP,cagr_1y,100.0
DSP,cagr_3y,87.5
DSP,cagr_5y,87.5
DSP,down_beta,75.0
DSP,iqr_3y,87.5
DSP,iqr_5y,87.5
DSP,ir,75.0
DSP,manager_experience,100.0
DSP,max_dd,100.0
DSP,pb,100.0
DSP,pe,100.0
DSP,return_3m,100.0
DSP,return_6m,100.0
DSP,roe,100.0
DSP,rolling_3y,87.5
DSP,rolling_5y,87.5
DSP,sector_hhi,100.0
DSP,sharpe,75.0
DSP,sortino,75.0
DSP,stock_count,100.0
DSP,ter,100.0
DSP,top10,100.0
DSP,top3_sector,100.0
DSP,turnover,100.0
DSP,up_beta,75.0
DSP,volatility,100.0
EDEL,aum,100.0
EDEL,cagr_1y,100.0
EDEL,cagr_3y,87.5
EDEL,cagr_5y,75.0
EDEL,down_beta,87.5
EDEL,iqr_3y,75.0
EDEL,iqr_5y,75.0
EDEL,ir,87.5
EDEL,manager_experience,100.0
EDEL,max_dd,100.0
EDEL,pb,100.0
EDEL,pe,100.0
EDEL,return_3m,100.0
EDEL,return_6m,100.0
EDEL,roe,100.0
EDEL,rolling_3y,75.0
EDEL,rolling_5y,75.0
EDEL,sector_hhi,100.0
EDEL,sharpe,87.5
EDEL,sortino,87.5
EDEL,stock_count,100.0
EDEL,ter,100.0
EDEL,top10,100.0
EDEL,top3_sector,100.0
EDEL,turnover,100.0
EDEL,up_beta,87.5
EDEL,volatility,100.0
FT,aum,100.0
FT,cagr_1y,100.0
FT,cagr_3y,83.33333333333334
FT,cagr_5y,83.33333333333334
FT,down_beta,83.33333333333334
FT,iqr_3y,83.33333333333334
FT,iqr_5y,83.33333333333334
FT,ir,83.33333333333334
FT,manager_experience,100.0
FT,max_dd,100.0
FT,pb,100.0
FT,pe,100.0
FT,return_3m,100.0
FT,return_6m,100.0
FT,roe,100.0
FT,rolling_3y,83.33333333333334
FT,rolling_5y,83.33333333333334
FT,sector_hhi,100.0
FT,sharpe,83.33333333333334
FT,sortino,83.33333333333334
FT,stock_count,100.0
FT,ter,100.0
FT,top10,100.0
FT,top3_sector,100.0
FT,turnover,100.0
FT,up_beta,83.33333333333334
FT,volatility,100.0
GROWW,aum,100.0
GROWW,cagr_1y,100.0
GROWW,cagr_3y,100.0
GROWW,cagr_5y,100.0
GROWW,down_beta,100.0
GROWW,iqr_3y,100.0
GROWW,iqr_5y,100.0
GROWW,ir,100.0
GROWW,manager_experience,100.0
GROWW,max_dd,100.0
GROWW,pb,100.0
GROWW,pe,100.0
GROWW,return_3m,100.0
GROWW,return_6m,100.0
GROWW,roe,100.0
GROWW,rolling_3y,100.0
GROWW,rolling_5y,100.0
GROWW,sector_hhi,100.0
GROWW,sharpe,100.0
GROWW,sortino,100.0
GROWW,stock_count,100.0
GROWW,ter,100.0
GROWW,top10,100.0
GROWW,top3_sector,100.0
GROWW,turnover,100.0
GROWW,up_beta,100.0
GROWW,volatility,100.0
HDFC,aum,100.0
HDFC,cagr_1y,100.0
HDFC,cagr_3y,100.0
HDFC,cagr_5y,88.88888888888889
HDFC,down_beta,88.88888888888889
HDFC,iqr_3y,88.88888888888889
HDFC,iqr_5y,88.88888888888889
HDFC,ir,88.88888888888889
HDFC,manager_experience,100.0
HDFC,max_dd,100.0
HDFC,pb,100.0
HDFC,pe,100.0
HDFC,return_3m,100.0
HDFC,return_6m,100.0
HDFC,roe,100.0
HDFC,rolling_3y,88.88888888888889
HDFC,rolling_5y,88.88888888888889
HDFC,sector_hhi,100.0
HDFC,sharpe,88.88888888888889
HDFC,sortino,88.88888888888889
HDFC,stock_count,100.0
HDFC,ter,100.0
HDFC,top10,100.0
HDFC,top3_sector,100.0
HDFC,turnover,100.0
HDFC,up_beta,88.88888888888889
HDFC,volatility,100.0
ICICI,aum,100.0
ICICI,cagr_1y,100.0
ICICI,cagr_3y,100.0
ICICI,cagr_5y,88.88888888888889
ICICI,down_beta,100.0
ICICI,iqr_3y,88.88888888888889
ICICI,iqr_5y,88.88888888888889
ICICI,ir,100.0
ICICI,manager_experience,100.0
ICICI,max_dd,100.0
ICICI,pb,100.0
ICICI,pe,100.0
ICICI,return_3m,100.0
ICICI,return_6m,100.0
ICICI,roe,100.0
ICICI,rolling_3y,88.88888888888889
ICICI,rolling_5y,88.88888888888889
ICICI,sector_hhi,100.0
ICICI,sharpe,100.0
ICICI,sortino,100.0
ICICI,stock_count,100.0
ICICI,ter,100.0
ICICI,top10,100.0
ICICI,top3_sector,100.0
ICICI,turnover,100.0
ICICI,up_beta,100.0
ICICI,volatility,100.0
INVESCO,aum,100.0
INVESCO,cagr_1y,100.0
INVESCO,cagr_3y,100.0
INVESCO,cagr_5y,88.88888888888889
INVESCO,down_beta,100.0
INVESCO,iqr_3y,88.88888888888889
INVESCO,iqr_5y,88.88888888888889
INVESCO,ir,100.0
INVESCO,manager_experience,100.0
INVESCO,max_dd,100.0
INVESCO,pb,100.0
INVESCO,pe,100.0
INVESCO,return_3m,100.0
INVESCO,return_6m,100.0
INVESCO,roe,100.0
INVESCO,rolling_3y,88.88888888888889
INVESCO,rolling_5y,88.88888888888889
INVESCO,sector_hhi,100.0
INVESCO,sharpe,100.0
INVESCO,sortino,100.0
INVESCO,stock_count,100.0
INVESCO,ter,100.0
INVESCO,top10,100.0
INVESCO,top3_sector,100.0
INVESCO,turnover,100.0
INVESCO,up_beta,100.0
INVESCO,volatility,100.0
ITI,aum,100.0
ITI,cagr_1y,100.0
ITI,cagr_3y,62.5
ITI,cagr_5y,37.5
ITI,down_beta,87.5
ITI,iqr_3y,62.5
ITI,iqr_5y,37.5
ITI,ir,87.5
ITI,manager_experience,100.0
ITI,max_dd,100.0
ITI,pb,100.0
ITI,pe,100.0
ITI,return_3m,100.0
ITI,return_6m,100.0
ITI,roe,100.0
ITI,rolling_3y,62.5
ITI,rolling_5y,37.5
ITI,sector_hhi,100.0
ITI,sharpe,87.5
ITI,sortino,87.5
ITI,stock_count,100.0
ITI,ter,100.0
ITI,top10,100.0
ITI,top3_sector,100.0
ITI,turnover,100.0
ITI,up_beta,87.5
ITI,volatility,100.0
JM,aum,100.0
JM,cagr_1y,87.5
JM,cagr_3y,75.0
JM,cagr_5y,62.5
JM,down_beta,75.0
JM,iqr_3y,62.5
JM,iqr_5y,62.5
JM,ir,75.0
JM,manager_experience,100.0
JM,max_dd,87.5
JM,pb,100.0
JM,pe,100.0
JM,return_3m,87.5
JM,return_6m,87.5
JM,roe,100.0
JM,rolling_3y,62.5
JM,rolling_5y,62.5
JM,sector_hhi,100.0
JM,sharpe,75.0
JM,sortino,75.0
JM,stock_count,100.0
JM,ter,100.0
JM,top10,100.0
JM,top3_sector,100.0
JM,turnover,100.0
JM,up_beta,75.0
JM,volatility,87.5
KOTAK,aum,100.0
KOTAK,cagr_1y,100.0
KOTAK,cagr_3y,100.0
KOTAK,cagr_5y,90.0
KOTAK,down_beta,90.0
KOTAK,iqr_3y,90.0
KOTAK,iqr_5y,90.0
KOTAK,ir,90.0
KOTAK,manager_experience,100.0
KOTAK,max_dd,100.0
KOTAK,pb,100.0
KOTAK,pe,100.0
KOTAK,return_3m,100.0
KOTAK,return_6m,100.0
KOTAK,roe,100.0
KOTAK,rolling_3y,90.0
KOTAK,rolling_5y,90.0
KOTAK,sector_hhi,100.0
KOTAK,sharpe,90.0
KOTAK,sortino,90.0
KOTAK,stock_count,100.0
KOTAK,ter,100.0
KOTAK,top10,0.0
KOTAK,top3_sector,100.0
KOTAK,turnover,100.0
KOTAK,up_beta,90.0
KOTAK,volatility,100.0
LIC,aum,100.0
LIC,cagr_1y,100.0
LIC,cagr_3y,50.0
LIC,cagr_5y,50.0
LIC,down_beta,100.0
LIC,iqr_3y,50.0
LIC,iqr_5y,50.0
LIC,ir,100.0
LIC,manager_experience,100.0
LIC,max_dd,100.0
LIC,pb,100.0
LIC,pe,100.0
LIC,return_3m,100.0
LIC,return_6m,100.0
LIC,roe,100.0
LIC,rolling_3y,50.0
LIC,rolling_5y,50.0
LIC,sector_hhi,100.0
LIC,sharpe,100.0
LIC,sortino,100.0
LIC,stock_count,100.0
LIC,ter,100.0
LIC,top10,100.0
LIC,top3_sector,100.0
LIC,turnover,100.0
LIC,up_beta,100.0
LIC,volatility,100.0
MIRAE,aum,100.0
MIRAE,cagr_1y,100.0
MIRAE,cagr_3y,80.0
MIRAE,cagr_5y,80.0
MIRAE,down_beta,100.0
MIRAE,iqr_3y,80.0
MIRAE,iqr_5y,80.0
MIRAE,ir,100.0
MIRAE,manager_experience,100.0
MIRAE,max_dd,100.0
MIRAE,pb,100.0
MIRAE,pe,100.0
MIRAE,return_3m,100.0
MIRAE,return_6m,100.0
MIRAE,roe,100.0
MIRAE,rolling_3y,80.0
MIRAE,rolling_5y,80.0
MIRAE,sector_hhi,100.0
MIRAE,sharpe,100.0
MIRAE,sortino,100.0
MIRAE,stock_count,100.0
MIRAE,ter,100.0
MIRAE,top10,100.0
MIRAE,top3_sector,100.0
MIRAE,turnover,100.0
MIRAE,up_beta,100.0
MIRAE,volatility,100.0
MM,aum,100.0
MM,cagr_1y,88.88888888888889
MM,cagr_3y,88.88888888888889
MM,cagr_5y,66.66666666666666
MM,down_beta,77.77777777777779
MM,iqr_3y,66.66666666666666
MM,iqr_5y,66.66666666666666
MM,ir,77.77777777777779
MM,manager_experience,100.0
MM,max_dd,88.88888888888889
MM,pb,11.11111111111111
MM,pe,11.11111111111111
MM,return_3m,88.88888888888889
MM,return_6m,88.88888888888889
MM,roe,11.11111111111111
MM,rolling_3y,66.66666666666666
MM,rolling_5y,66.66666666666666
MM,sector_hhi,100.0
MM,sharpe,77.77777777777779
MM,sortino,77.77777777777779
MM,stock_count,100.0
MM,ter,100.0
MM,top10,100.0
MM,top3_sector,100.0
MM,turnover,100.0
MM,up_beta,77.77777777777779
MM,volatility,88.88888888888889
MOTILAL,aum,100.0
MOTILAL,cagr_1y,100.0
MOTILAL,cagr_3y,71.42857142857143
MOTILAL,cagr_5y,71.42857142857143
MOTILAL,down_beta,71.42857142857143
MOTILAL,iqr_3y,71.42857142857143
MOTILAL,iqr_5y,71.42857142857143
MOTILAL,ir,71.42857142857143
MOTILAL,manager_experience,100.0
MOTILAL,max_dd,100.0
MOTILAL,pb,100.0
MOTILAL,pe,100.0
MOTILAL,return_3m,100.0
MOTILAL,return_6m,100.0
MOTILAL,roe,100.0
MOTILAL,rolling_3y,71.42857142857143
MOTILAL,rolling_5y,71.42857142857143
MOTILAL,sector_hhi,100.0
MOTILAL,sharpe,71.42857142857143
MOTILAL,sortino,71.42857142857143
MOTILAL,stock_count,100.0
MOTILAL,ter,100.0
MOTILAL,top10,100.0
MOTILAL,top3_sector,100.0
MOTILAL,turnover,100.0
MOTILAL,up_beta,71.42857142857143
MOTILAL,volatility,100.0
NAVI,aum,100.0
NAVI,cagr_1y,100.0
NAVI,cagr_3y,100.0
NAVI,cagr_5y,100.0
NAVI,down_beta,100.0
NAVI,iqr_3y,100.0
NAVI,iqr_5y,100.0
NAVI,ir,100.0
NAVI,manager_experience,100.0
NAVI,max_dd,100.0
NAVI,pb,100.0
NAVI,pe,100.0
NAVI,return_3m,100.0
NAVI,return_6m,100.0
NAVI,roe,100.0
NAVI,rolling_3y,100.0
NAVI,rolling_5y,100.0
NAVI,sector_hhi,100.0
NAVI,sharpe,100.0
NAVI,sortino,100.0
NAVI,stock_count,100.0
NAVI,ter,100.0
NAVI,top10,100.0
NAVI,top3_sector,100.0
NAVI,turnover,100.0
NAVI,up_beta,100.0
NAVI,volatility,100.0
NIPPON,aum,100.0
NIPPON,cagr_1y,100.0
NIPPON,cagr_3y,100.0
NIPPON,cagr_5y,88.88888888888889
NIPPON,down_beta,100.0
NIPPON,iqr_3y,88.88888888888889
NIPPON,iqr_5y,88.88888888888889
NIPPON,ir,100.0
NIPPON,manager_experience,100.0
NIPPON,max_dd,100.0
NIPPON,pb,100.0
NIPPON,pe,100.0
NIPPON,return_3m,100.0
NIPPON,return_6m,100.0
NIPPON,roe,100.0
NIPPON,rolling_3y,88.88888888888889
NIPPON,rolling_5y,88.88888888888889
NIPPON,sector_hhi,100.0
NIPPON,sharpe,100.0
NIPPON,sortino,100.0
NIPPON,stock_count,100.0
NIPPON,ter,100.0
NIPPON,top10,100.0
NIPPON,top3_sector,100.0
NIPPON,turnover,100.0
NIPPON,up_beta,100.0
NIPPON,volatility,100.0
ONE360,aum,100.0
ONE360,cagr_1y,100.0
ONE360,cagr_3y,50.0
ONE360,cagr_5y,50.0
ONE360,down_beta,100.0
ONE360,iqr_3y,50.0
ONE360,iqr_5y,50.0
ONE360,ir,100.0
ONE360,manager_experience,0.0
ONE360,max_dd,100.0
ONE360,pb,100.0
ONE360,pe,100.0
ONE360,return_3m,100.0
ONE360,return_6m,100.0
ONE360,roe,100.0
ONE360,rolling_3y,50.0
ONE360,rolling_5y,50.0
ONE360,sector_hhi,100.0
ONE360,sharpe,100.0
ONE360,sortino,100.0
ONE360,stock_count,100.0
ONE360,ter,100.0
ONE360,top10,100.0
ONE360,top3_sector,100.0
ONE360,turnover,100.0
ONE360,up_beta,100.0
ONE360,volatility,100.0
PGIM,aum,100.0
PGIM,cagr_1y,100.0
PGIM,cagr_3y,71.42857142857143
PGIM,cagr_5y,57.14285714285714
PGIM,down_beta,71.42857142857143
PGIM,iqr_3y,57.14285714285714
PGIM,iqr_5y,57.14285714285714
PGIM,ir,71.42857142857143
PGIM,manager_experience,100.0
PGIM,max_dd,100.0
PGIM,pb,100.0
PGIM,pe,100.0
PGIM,return_3m,100.0
PGIM,return_6m,100.0
PGIM,roe,100.0
PGIM,rolling_3y,57.14285714285714
PGIM,rolling_5y,57.14285714285714
PGIM,sector_hhi,100.0
PGIM,sharpe,71.42857142857143
PGIM,sortino,71.42857142857143
PGIM,stock_count,100.0
PGIM,ter,100.0
PGIM,top10,100.0
PGIM,top3_sector,100.0
PGIM,turnover,100.0
PGIM,up_beta,71.42857142857143
PGIM,volatility,100.0
PPFAS,aum,100.0
PPFAS,cagr_1y,100.0
PPFAS,cagr_3y,100.0
PPFAS,cagr_5y,100.0
PPFAS,down_beta,100.0
PPFAS,iqr_3y,100.0
PPFAS,iqr_5y,100.0
PPFAS,ir,100.0
PPFAS,manager_experience,100.0
PPFAS,max_dd,100.0
PPFAS,pb,100.0
PPFAS,pe,100.0
PPFAS,return_3m,100.0
PPFAS,return_6m,100.0
PPFAS,roe,100.0
PPFAS,rolling_3y,100.0
PPFAS,rolling_5y,100.0
PPFAS,sector_hhi,100.0
PPFAS,sharpe,100.0
PPFAS,sortino,100.0
PPFAS,stock_count,100.0
PPFAS,ter,100.0
PPFAS,top10,100.0
PPFAS,top3_sector,100.0
PPFAS,turnover,100.0
PPFAS,up_beta,100.0
PPFAS,volatility,100.0
QUANT,aum,100.0
QUANT,cagr_1y,100.0
QUANT,cagr_3y,100.0
QUANT,cagr_5y,77.77777777777779
QUANT,down_beta,100.0
QUANT,iqr_3y,77.77777777777779
QUANT,iqr_5y,77.77777777777779
QUANT,ir,100.0
QUANT,manager_experience,100.0
QUANT,max_dd,100.0
QUANT,pb,100.0
QUANT,pe,100.0
QUANT,return_3m,100.0
QUANT,return_6m,100.0
QUANT,roe,100.0
QUANT,rolling_3y,77.77777777777779
QUANT,rolling_5y,77.77777777777779
QUANT,sector_hhi,100.0
QUANT,sharpe,100.0
QUANT,sortino,100.0
QUANT,stock_count,100.0
QUANT,ter,100.0
QUANT,top10,100.0
QUANT,top3_sector,100.0
QUANT,turnover,100.0
QUANT,up_beta,100.0
QUANT,volatility,100.0
QUANTUM,aum,100.0
QUANTUM,cagr_1y,100.0
QUANTUM,cagr_3y,66.66666666666666
QUANTUM,cagr_5y,66.66666666666666
QUANTUM,down_beta,66.66666666666666
QUANTUM,iqr_3y,66.66666666666666
QUANTUM,iqr_5y,66.66666666666666
QUANTUM,ir,66.66666666666666
QUANTUM,manager_experience,100.0
QUANTUM,max_dd,100.0
QUANTUM,pb,100.0
QUANTUM,pe,100.0
QUANTUM,return_3m,100.0
QUANTUM,return_6m,100.0
QUANTUM,roe,100.0
QUANTUM,rolling_3y,66.66666666666666
QUANTUM,rolling_5y,66.66666666666666
QUANTUM,sector_hhi,100.0
QUANTUM,sharpe,66.66666666666666
QUANTUM,sortino,66.66666666666666
QUANTUM,stock_count,100.0
QUANTUM,ter,100.0
QUANTUM,top10,100.0
QUANTUM,top3_sector,100.0
QUANTUM,turnover,100.0
QUANTUM,up_beta,66.66666666666666
QUANTUM,volatility,100.0
SAMCO,aum,100.0
SAMCO,cagr_1y,60.0
SAMCO,cagr_3y,40.0
SAMCO,cagr_5y,0.0
SAMCO,down_beta,40.0
SAMCO,iqr_3y,0.0
SAMCO,iqr_5y,0.0
SAMCO,ir,40.0
SAMCO,manager_experience,100.0
SAMCO,max_dd,60.0
SAMCO,pb,100.0
SAMCO,pe,100.0
SAMCO,return_3m,60.0
SAMCO,return_6m,60.0
SAMCO,roe,100.0
SAMCO,rolling_3y,0.0
SAMCO,rolling_5y,0.0
SAMCO,sector_hhi,100.0
SAMCO,sharpe,40.0
SAMCO,sortino,40.0
SAMCO,stock_count,100.0
SAMCO,ter,100.0
SAMCO,top10,100.0
SAMCO,top3_sector,100.0
SAMCO,turnover,100.0
SAMCO,up_beta,40.0
SAMCO,volatility,60.0
SBI,aum,100.0
SBI,cagr_1y,100.0
SBI,cagr_3y,100.0
SBI,cagr_5y,88.88888888888889
SBI,down_beta,100.0
SBI,iqr_3y,88.88888888888889
SBI,iqr_5y,88.88888888888889
SBI,ir,100.0
SBI,manager_experience,100.0
SBI,max_dd,100.0
SBI,pb,100.0
SBI,pe,100.0
SBI,return_3m,100.0
SBI,return_6m,100.0
SBI,roe,100.0
SBI,rolling_3y,88.88888888888889
SBI,rolling_5y,88.88888888888889
SBI,sector_hhi,100.0
SBI,sharpe,100.0
SBI,sortino,100.0
SBI,stock_count,100.0
SBI,ter,100.0
SBI,top10,100.0
SBI,top3_sector,100.0
SBI,turnover,100.0
SBI,up_beta,100.0
SBI,volatility,100.0
SUNDARAM,aum,100.0
SUNDARAM,cagr_1y,100.0
SUNDARAM,cagr_3y,100.0
SUNDARAM,cagr_5y,55.55555555555556
SUNDARAM,down_beta,66.66666666666666
SUNDARAM,iqr_3y,55.55555555555556
SUNDARAM,iqr_5y,55.55555555555556
SUNDARAM,ir,66.66666666666666
SUNDARAM,manager_experience,100.0
SUNDARAM,max_dd,100.0
SUNDARAM,pb,100.0
SUNDARAM,pe,100.0
SUNDARAM,return_3m,100.0
SUNDARAM,return_6m,100.0
SUNDARAM,roe,100.0
SUNDARAM,rolling_3y,55.55555555555556
SUNDARAM,rolling_5y,55.55555555555556
SUNDARAM,sector_hhi,100.0
SUNDARAM,sharpe,66.66666666666666
SUNDARAM,sortino,66.66666666666666
SUNDARAM,stock_count,100.0
SUNDARAM,ter,100.0
SUNDARAM,top10,100.0
SUNDARAM,top3_sector,100.0
SUNDARAM,turnover,100.0
SUNDARAM,up_beta,66.66666666666666
SUNDARAM,volatility,100.0
TATA,aum,100.0
TATA,cagr_1y,100.0
TATA,cagr_3y,91.66666666666666
TATA,cagr_5y,91.66666666666666
TATA,down_beta,75.0
TATA,iqr_3y,91.66666666666666
TATA,iqr_5y,91.66666666666666
TATA,ir,75.0
TATA,manager_experience,91.66666666666666
TATA,max_dd,100.0
TATA,pb,100.0
TATA,pe,100.0
TATA,return_3m,100.0
TATA,return_6m,100.0
TATA,roe,100.0
TATA,rolling_3y,91.66666666666666
TATA,rolling_5y,91.66666666666666
TATA,sector_hhi,100.0
TATA,sharpe,75.0
TATA,sortino,75.0
TATA,stock_count,100.0
TATA,ter,100.0
TATA,top10,100.0
TATA,top3_sector,100.0
TATA,turnover,100.0
TATA,up_beta,75.0
TATA,volatility,100.0
TAURUS,aum,100.0
TAURUS,cagr_1y,100.0
TAURUS,cagr_3y,100.0
TAURUS,cagr_5y,100.0
TAURUS,down_beta,100.0
TAURUS,iqr_3y,100.0
TAURUS,iqr_5y,100.0
TAURUS,ir,100.0
TAURUS,manager_experience,100.0
TAURUS,max_dd,100.0
TAURUS,pb,100.0
TAURUS,pe,100.0
TAURUS,return_3m,100.0
TAURUS,return_6m,100.0
TAURUS,roe,100.0
TAURUS,rolling_3y,100.0
TAURUS,rolling_5y,100.0
TAURUS,sector_hhi,100.0
TAURUS,sharpe,100.0
TAURUS,sortino,100.0
TAURUS,stock_count,100.0
TAURUS,ter,100.0
TAURUS,top10,100.0
TAURUS,top3_sector,100.0
TAURUS,turnover,100.0
TAURUS,up_beta,100.0
TAURUS,volatility,100.0
TRUSTMF,aum,100.0
TRUSTMF,cagr_1y,66.66666666666666
TRUSTMF,cagr_3y,0.0
TRUSTMF,cagr_5y,0.0
TRUSTMF,down_beta,0.0
TRUSTMF,iqr_3y,0.0
TRUSTMF,iqr_5y,0.0
TRUSTMF,ir,0.0
TRUSTMF,manager_experience,100.0
TRUSTMF,max_dd,66.66666666666666
TRUSTMF,pb,100.0
TRUSTMF,pe,100.0
TRUSTMF,return_3m,66.66666666666666
TRUSTMF,return_6m,66.66666666666666
TRUSTMF,roe,100.0
TRUSTMF,rolling_3y,0.0
TRUSTMF,rolling_5y,0.0
TRUSTMF,sector_hhi,100.0
TRUSTMF,sharpe,0.0
TRUSTMF,sortino,0.0
TRUSTMF,stock_count,100.0
TRUSTMF,ter,100.0
TRUSTMF,top10,100.0
TRUSTMF,top3_sector,100.0
TRUSTMF,turnover,100.0
TRUSTMF,up_beta,0.0
TRUSTMF,volatility,66.66666666666666
UNIFI,aum,100.0
UNIFI,cagr_1y,0.0
UNIFI,cagr_3y,0.0
UNIFI,cagr_5y,0.0
UNIFI,down_beta,0.0
UNIFI,iqr_3y,0.0
UNIFI,iqr_5y,0.0
UNIFI,ir,0.0
UNIFI,manager_experience,0.0
UNIFI,max_dd,0.0
UNIFI,pb,100.0
UNIFI,pe,100.0
UNIFI,return_3m,0.0
UNIFI,return_6m,0.0
UNIFI,roe,100.0
UNIFI,rolling_3y,0.0
UNIFI,rolling_5y,0.0
UNIFI,sector_hhi,100.0
UNIFI,sharpe,0.0
UNIFI,sortino,0.0
UNIFI,stock_count,100.0
UNIFI,ter,100.0
UNIFI,top10,100.0
UNIFI,top3_sector,100.0
UNIFI,turnover,100.0
UNIFI,up_beta,0.0
UNIFI,volatility,0.0
UNION,aum,100.0
UNION,cagr_1y,100.0
UNION,cagr_3y,100.0
UNION,cagr_5y,88.88888888888889
UNION,down_beta,100.0
UNION,iqr_3y,88.88888888888889
UNION,iqr_5y,88.88888888888889
UNION,ir,100.0
UNION,manager_experience,100.0
UNION,max_dd,100.0
UNION,pb,100.0
UNION,pe,100.0
UNION,return_3m,100.0
UNION,return_6m,100.0
UNION,roe,100.0
UNION,rolling_3y,88.88888888888889
UNION,rolling_5y,88.88888888888889
UNION,sector_hhi,100.0
UNION,sharpe,100.0
UNION,sortino,100.0
UNION,stock_count,100.0
UNION,ter,100.0
UNION,top10,100.0
UNION,top3_sector,100.0
UNION,turnover,100.0
UNION,up_beta,100.0
UNION,volatility,100.0
UTI,aum,100.0
UTI,cagr_1y,88.88888888888889
UTI,cagr_3y,88.88888888888889
UTI,cagr_5y,77.77777777777779
UTI,down_beta,88.88888888888889
UTI,iqr_3y,77.77777777777779
UTI,iqr_5y,77.77777777777779
UTI,ir,88.88888888888889
UTI,manager_experience,100.0
UTI,max_dd,88.88888888888889
UTI,pb,100.0
UTI,pe,100.0
UTI,return_3m,88.88888888888889
UTI,return_6m,88.88888888888889
UTI,roe,100.0
UTI,rolling_3y,77.77777777777779
UTI,rolling_5y,77.77777777777779
UTI,sector_hhi,100.0
UTI,sharpe,88.88888888888889
UTI,sortino,88.88888888888889
UTI,stock_count,100.0
UTI,ter,100.0
UTI,top10,100.0
UTI,top3_sector,100.0
UTI,turnover,100.0
UTI,up_beta,88.88888888888889
UTI,volatility,88.88888888888889
WHITEOAK,aum,100.0
WHITEOAK,cagr_1y,100.0
WHITEOAK,cagr_3y,66.66666666666666
WHITEOAK,cagr_5y,0.0
WHITEOAK,down_beta,66.66666666666666
WHITEOAK,iqr_3y,0.0
WHITEOAK,iqr_5y,0.0
WHITEOAK,ir,66.66666666666666
WHITEOAK,manager_experience,100.0
WHITEOAK,max_dd,100.0
WHITEOAK,pb,100.0
WHITEOAK,pe,100.0
WHITEOAK,return_3m,100.0
WHITEOAK,return_6m,100.0
WHITEOAK,roe,100.0
WHITEOAK,rolling_3y,0.0
WHITEOAK,rolling_5y,0.0
WHITEOAK,sector_hhi,100.0
WHITEOAK,sharpe,66.66666666666666
WHITEOAK,sortino,66.66666666666666
WHITEOAK,stock_count,100.0
WHITEOAK,ter,100.0
WHITEOAK,top10,100.0
WHITEOAK,top3_sector,100.0
WHITEOAK,turnover,100.0
WHITEOAK,up_beta,66.66666666666666
WHITEOAK,volatility,100.0
